-- phpMyAdmin SQL Dump
-- version 4.8.5
-- https://www.phpmyadmin.net/
--
-- Host: 127.0.0.1:3306
-- Generation Time: Aug 02, 2019 at 05:44 AM
-- Server version: 5.7.26
-- PHP Version: 7.2.18

SET SQL_MODE = "NO_AUTO_VALUE_ON_ZERO";
SET AUTOCOMMIT = 0;
START TRANSACTION;
SET time_zone = "+00:00";


/*!40101 SET @OLD_CHARACTER_SET_CLIENT=@@CHARACTER_SET_CLIENT */;
/*!40101 SET @OLD_CHARACTER_SET_RESULTS=@@CHARACTER_SET_RESULTS */;
/*!40101 SET @OLD_COLLATION_CONNECTION=@@COLLATION_CONNECTION */;
/*!40101 SET NAMES utf8mb4 */;

--
-- Database: `color_blindness`
--

-- --------------------------------------------------------

--
-- Table structure for table `answers`
--

DROP TABLE IF EXISTS `answers`;
CREATE TABLE IF NOT EXISTS `answers` (
  `id` bigint(20) UNSIGNED NOT NULL AUTO_INCREMENT,
  `plate_id` int(11) NOT NULL,
  `user_id` bigint(20) NOT NULL,
  `test_id` bigint(20) NOT NULL,
  `is_correct` tinyint(1) NOT NULL,
  `is_rgd` tinyint(1) NOT NULL,
  `given_answer` int(11) DEFAULT NULL,
  `created_at` timestamp NULL DEFAULT NULL,
  `updated_at` timestamp NULL DEFAULT NULL,
  PRIMARY KEY (`id`)
) ENGINE=InnoDB AUTO_INCREMENT=197 DEFAULT CHARSET=utf8mb4 COLLATE=utf8mb4_unicode_ci;

--
-- Dumping data for table `answers`
--

INSERT INTO `answers` (`id`, `plate_id`, `user_id`, `test_id`, `is_correct`, `is_rgd`, `given_answer`, `created_at`, `updated_at`) VALUES
(1, 1, 1, 1, 1, 1, 12, '2019-07-24 22:55:41', '2019-07-24 22:55:41'),
(2, 2, 1, 1, 0, 0, NULL, '2019-07-24 22:55:44', '2019-07-24 22:55:44'),
(3, 3, 1, 1, 1, 0, 6, '2019-07-24 22:57:21', '2019-07-24 22:57:21'),
(4, 4, 1, 1, 0, 0, NULL, '2019-07-24 22:57:24', '2019-07-24 22:57:24'),
(5, 5, 1, 1, 1, 0, 57, '2019-07-24 22:57:28', '2019-07-24 22:57:28'),
(6, 6, 1, 1, 1, 0, 5, '2019-07-24 22:57:33', '2019-07-24 22:57:33'),
(7, 7, 1, 1, 1, 0, 3, '2019-07-24 22:57:39', '2019-07-24 22:57:39'),
(8, 8, 1, 1, 1, 0, 15, '2019-07-24 22:58:00', '2019-07-24 22:58:00'),
(9, 9, 1, 1, 1, 0, 74, '2019-07-24 22:58:05', '2019-07-24 22:58:05'),
(10, 10, 1, 1, 1, 0, 2, '2019-07-24 22:58:11', '2019-07-24 22:58:11'),
(11, 11, 1, 1, 1, 0, 6, '2019-07-24 22:58:16', '2019-07-24 22:58:16'),
(12, 12, 1, 1, 1, 0, 97, '2019-07-24 22:58:23', '2019-07-24 22:58:23'),
(13, 13, 1, 1, 1, 0, 45, '2019-07-24 22:58:26', '2019-07-24 22:58:26'),
(14, 14, 1, 1, 1, 0, 5, '2019-07-24 22:58:35', '2019-07-24 22:58:35'),
(15, 1, 1, 2, 1, 1, 12, '2019-07-24 23:08:52', '2019-07-24 23:08:52'),
(16, 2, 1, 2, 1, 1, 3, '2019-07-24 23:09:21', '2019-07-24 23:09:21'),
(17, 3, 1, 2, 1, 1, 5, '2019-07-24 23:09:27', '2019-07-24 23:09:27'),
(18, 4, 1, 2, 1, 1, 70, '2019-07-24 23:09:38', '2019-07-24 23:09:38'),
(19, 5, 1, 2, 1, 1, 35, '2019-07-24 23:09:46', '2019-07-24 23:09:46'),
(20, 6, 1, 2, 1, 1, 2, '2019-07-24 23:09:58', '2019-07-24 23:09:58'),
(21, 7, 1, 2, 1, 1, 5, '2019-07-24 23:10:12', '2019-07-24 23:10:12'),
(22, 8, 1, 2, 1, 1, 17, '2019-07-24 23:10:19', '2019-07-24 23:10:19'),
(23, 9, 1, 2, 1, 1, 21, '2019-07-24 23:10:28', '2019-07-24 23:10:28'),
(24, 10, 1, 2, 1, 1, NULL, '2019-07-24 23:10:35', '2019-07-24 23:10:35'),
(25, 11, 1, 2, 1, 1, NULL, '2019-07-24 23:10:42', '2019-07-24 23:10:42'),
(26, 12, 1, 2, 1, 1, NULL, '2019-07-24 23:10:44', '2019-07-24 23:10:44'),
(27, 13, 1, 2, 1, 1, NULL, '2019-07-24 23:10:46', '2019-07-24 23:10:46'),
(28, 14, 1, 2, 1, 1, NULL, '2019-07-24 23:10:48', '2019-07-24 23:10:48'),
(29, 1, 1, 3, 1, 1, 12, '2019-07-24 23:54:08', '2019-07-24 23:54:08'),
(30, 2, 1, 3, 1, 0, 8, '2019-07-24 23:54:13', '2019-07-24 23:54:13'),
(31, 3, 1, 3, 1, 0, 6, '2019-07-24 23:54:16', '2019-07-24 23:54:16'),
(32, 4, 1, 3, 1, 0, 29, '2019-07-24 23:54:23', '2019-07-24 23:54:23'),
(33, 5, 1, 3, 1, 0, 57, '2019-07-24 23:54:28', '2019-07-24 23:54:28'),
(34, 6, 1, 3, 1, 0, 5, '2019-07-24 23:54:30', '2019-07-24 23:54:30'),
(35, 7, 1, 3, 1, 0, 3, '2019-07-24 23:54:36', '2019-07-24 23:54:36'),
(36, 8, 1, 3, 1, 0, 15, '2019-07-24 23:54:38', '2019-07-24 23:54:38'),
(37, 9, 1, 3, 1, 0, 74, '2019-07-24 23:54:42', '2019-07-24 23:54:42'),
(38, 10, 1, 3, 1, 0, 2, '2019-07-24 23:54:45', '2019-07-24 23:54:45'),
(39, 11, 1, 3, 1, 0, 6, '2019-07-24 23:54:47', '2019-07-24 23:54:47'),
(40, 12, 1, 3, 1, 0, 97, '2019-07-24 23:54:52', '2019-07-24 23:54:52'),
(41, 13, 1, 3, 1, 0, 45, '2019-07-24 23:54:56', '2019-07-24 23:54:56'),
(42, 14, 1, 3, 1, 0, 5, '2019-07-24 23:54:59', '2019-07-24 23:54:59'),
(43, 1, 1, 8, 1, 1, 12, '2019-07-25 01:00:23', '2019-07-25 01:00:23'),
(44, 2, 1, 8, 1, 0, 8, '2019-07-25 01:00:54', '2019-07-25 01:00:54'),
(45, 3, 1, 8, 1, 0, 6, '2019-07-25 01:00:56', '2019-07-25 01:00:56'),
(46, 4, 1, 8, 0, 0, 58, '2019-07-25 01:01:00', '2019-07-25 01:01:00'),
(47, 5, 1, 8, 1, 1, 35, '2019-07-25 01:01:45', '2019-07-25 01:01:45'),
(48, 6, 1, 8, 1, 0, 5, '2019-07-25 01:01:49', '2019-07-25 01:01:49'),
(49, 7, 1, 8, 1, 0, 3, '2019-07-25 01:01:54', '2019-07-25 01:01:54'),
(50, 8, 1, 8, 1, 0, 15, '2019-07-25 01:01:56', '2019-07-25 01:01:56'),
(51, 9, 1, 8, 1, 0, 74, '2019-07-25 01:01:59', '2019-07-25 01:01:59'),
(52, 10, 1, 8, 1, 0, 2, '2019-07-25 01:02:05', '2019-07-25 01:02:05'),
(53, 11, 1, 8, 1, 0, 6, '2019-07-25 01:02:08', '2019-07-25 01:02:08'),
(54, 12, 1, 8, 1, 0, 97, '2019-07-25 01:02:11', '2019-07-25 01:02:11'),
(55, 13, 1, 8, 1, 0, 45, '2019-07-25 01:02:13', '2019-07-25 01:02:13'),
(56, 14, 1, 8, 1, 0, 5, '2019-07-25 01:02:15', '2019-07-25 01:02:15'),
(57, 1, 1, 9, 1, 1, 12, '2019-07-25 01:02:53', '2019-07-25 01:02:53'),
(58, 2, 1, 9, 1, 0, 8, '2019-07-25 01:02:58', '2019-07-25 01:02:58'),
(59, 3, 1, 9, 1, 0, 6, '2019-07-25 01:03:02', '2019-07-25 01:03:02'),
(60, 4, 1, 9, 1, 0, 29, '2019-07-25 01:03:07', '2019-07-25 01:03:07'),
(61, 5, 1, 9, 1, 0, 57, '2019-07-25 01:03:12', '2019-07-25 01:03:12'),
(62, 6, 1, 9, 1, 1, 2, '2019-07-25 01:03:24', '2019-07-25 01:03:24'),
(63, 7, 1, 9, 1, 0, 3, '2019-07-25 01:03:30', '2019-07-25 01:03:30'),
(64, 8, 1, 9, 1, 0, 15, '2019-07-25 01:03:34', '2019-07-25 01:03:34'),
(65, 9, 1, 9, 1, 0, 74, '2019-07-25 01:03:40', '2019-07-25 01:03:40'),
(66, 10, 1, 9, 1, 0, 2, '2019-07-25 01:03:48', '2019-07-25 01:03:48'),
(67, 11, 1, 9, 1, 0, 6, '2019-07-25 01:03:52', '2019-07-25 01:03:52'),
(68, 12, 1, 9, 1, 0, 97, '2019-07-25 01:03:59', '2019-07-25 01:03:59'),
(69, 13, 1, 9, 1, 0, 45, '2019-07-25 01:04:04', '2019-07-25 01:04:04'),
(70, 14, 1, 9, 1, 0, 5, '2019-07-25 01:04:09', '2019-07-25 01:04:09'),
(71, 1, 1, 10, 1, 0, 12, '2019-07-25 01:10:22', '2019-07-25 01:10:22'),
(72, 2, 1, 10, 1, 0, 8, '2019-07-25 01:10:43', '2019-07-25 01:10:43'),
(73, 3, 1, 10, 1, 0, 6, '2019-07-25 01:10:47', '2019-07-25 01:10:47'),
(74, 4, 1, 10, 1, 0, 29, '2019-07-25 01:10:49', '2019-07-25 01:10:49'),
(75, 5, 1, 10, 1, 1, 35, '2019-07-25 01:10:54', '2019-07-25 01:10:54'),
(76, 6, 1, 10, 1, 0, 5, '2019-07-25 01:11:00', '2019-07-25 01:11:00'),
(77, 6, 1, 10, 1, 0, 5, '2019-07-25 01:11:03', '2019-07-25 01:11:03'),
(78, 8, 1, 10, 1, 0, 15, '2019-07-25 01:11:06', '2019-07-25 01:11:06'),
(79, 9, 1, 10, 1, 0, 74, '2019-07-25 01:11:12', '2019-07-25 01:11:12'),
(80, 10, 1, 10, 1, 0, 2, '2019-07-25 01:11:16', '2019-07-25 01:11:16'),
(81, 11, 1, 10, 1, 0, 6, '2019-07-25 01:11:20', '2019-07-25 01:11:20'),
(82, 12, 1, 10, 1, 0, 97, '2019-07-25 01:11:24', '2019-07-25 01:11:24'),
(83, 13, 1, 10, 1, 0, 45, '2019-07-25 01:12:26', '2019-07-25 01:12:26'),
(84, 14, 1, 10, 1, 0, 5, '2019-07-25 01:12:31', '2019-07-25 01:12:31'),
(85, 1, 2, 12, 1, 0, 12, '2019-07-25 04:22:14', '2019-07-25 04:22:14'),
(86, 2, 2, 12, 1, 0, 8, '2019-07-25 04:22:19', '2019-07-25 04:22:19'),
(87, 3, 2, 12, 0, 0, NULL, '2019-07-25 04:22:23', '2019-07-25 04:22:23'),
(88, 4, 2, 12, 1, 0, 29, '2019-07-25 04:32:42', '2019-07-25 04:32:42'),
(89, 5, 2, 12, 1, 1, 35, '2019-07-25 04:32:46', '2019-07-25 04:32:46'),
(90, 6, 2, 12, 1, 0, 5, '2019-07-25 04:32:50', '2019-07-25 04:32:50'),
(91, 7, 2, 12, 1, 0, 3, '2019-07-25 04:36:34', '2019-07-25 04:36:34'),
(92, 8, 2, 12, 1, 0, 15, '2019-07-25 04:37:44', '2019-07-25 04:37:44'),
(93, 9, 2, 12, 1, 0, 74, '2019-07-25 04:37:49', '2019-07-25 04:37:49'),
(94, 10, 2, 12, 1, 0, 2, '2019-07-25 04:37:55', '2019-07-25 04:37:55'),
(95, 11, 2, 12, 1, 0, 6, '2019-07-25 04:37:58', '2019-07-25 04:37:58'),
(96, 12, 2, 12, 1, 0, 97, '2019-07-25 04:38:06', '2019-07-25 04:38:06'),
(97, 13, 2, 12, 1, 0, 45, '2019-07-25 04:38:09', '2019-07-25 04:38:09'),
(98, 14, 2, 12, 1, 0, 5, '2019-07-25 04:38:14', '2019-07-25 04:38:14'),
(99, 1, 2, 13, 1, 0, 12, '2019-07-25 04:55:00', '2019-07-25 04:55:00'),
(100, 2, 2, 13, 1, 0, 8, '2019-07-25 04:55:04', '2019-07-25 04:55:04'),
(101, 3, 2, 13, 0, 0, 75, '2019-07-25 04:55:14', '2019-07-25 04:55:14'),
(102, 4, 2, 13, 1, 0, 29, '2019-07-25 04:55:18', '2019-07-25 04:55:18'),
(103, 5, 2, 13, 1, 1, 35, '2019-07-25 04:55:22', '2019-07-25 04:55:22'),
(104, 6, 2, 13, 0, 0, 6, '2019-07-25 04:55:28', '2019-07-25 04:55:28'),
(105, 7, 2, 13, 0, 0, 8, '2019-07-25 04:55:31', '2019-07-25 04:55:31'),
(106, 8, 2, 13, 1, 0, 15, '2019-07-25 04:55:34', '2019-07-25 04:55:34'),
(107, 9, 2, 13, 1, 0, 74, '2019-07-25 04:55:38', '2019-07-25 04:55:38'),
(108, 10, 2, 13, 1, 0, 2, '2019-07-25 04:55:41', '2019-07-25 04:55:41'),
(109, 11, 2, 13, 1, 0, 6, '2019-07-25 04:55:44', '2019-07-25 04:55:44'),
(110, 12, 2, 13, 1, 0, 97, '2019-07-25 04:55:48', '2019-07-25 04:55:48'),
(111, 13, 2, 13, 0, 0, 47, '2019-07-25 04:55:53', '2019-07-25 04:55:53'),
(112, 14, 2, 13, 1, 0, 5, '2019-07-25 04:55:58', '2019-07-25 04:55:58'),
(113, 1, 2, 14, 1, 0, 12, '2019-07-25 04:56:51', '2019-07-25 04:56:51'),
(114, 2, 2, 14, 0, 0, 7, '2019-07-25 04:56:56', '2019-07-25 04:56:56'),
(115, 3, 2, 14, 1, 1, 5, '2019-07-25 04:57:00', '2019-07-25 04:57:00'),
(116, 4, 2, 14, 1, 0, 29, '2019-07-25 04:57:04', '2019-07-25 04:57:04'),
(117, 5, 2, 14, 1, 1, 35, '2019-07-25 04:57:08', '2019-07-25 04:57:08'),
(118, 6, 2, 14, 0, 0, 9, '2019-07-25 04:57:12', '2019-07-25 04:57:12'),
(119, 7, 2, 14, 1, 0, 3, '2019-07-25 04:57:16', '2019-07-25 04:57:16'),
(120, 8, 2, 14, 0, 0, 14, '2019-07-25 04:57:19', '2019-07-25 04:57:19'),
(121, 9, 2, 14, 1, 0, 74, '2019-07-25 04:57:26', '2019-07-25 04:57:26'),
(122, 10, 2, 14, 1, 0, 2, '2019-07-25 04:57:30', '2019-07-25 04:57:30'),
(123, 11, 2, 14, 1, 0, 6, '2019-07-25 04:57:33', '2019-07-25 04:57:33'),
(124, 12, 2, 14, 0, 0, 35, '2019-07-25 04:57:38', '2019-07-25 04:57:38'),
(125, 13, 2, 14, 0, 0, 47, '2019-07-25 04:57:42', '2019-07-25 04:57:42'),
(126, 14, 2, 14, 1, 0, 5, '2019-07-25 04:57:46', '2019-07-25 04:57:46'),
(127, 1, 2, 15, 1, 0, 12, '2019-07-25 04:58:47', '2019-07-25 04:58:47'),
(128, 2, 2, 15, 1, 1, 3, '2019-07-25 04:58:53', '2019-07-25 04:58:53'),
(129, 3, 2, 15, 1, 1, 5, '2019-07-25 04:58:58', '2019-07-25 04:58:58'),
(130, 4, 2, 15, 1, 1, 70, '2019-07-25 04:59:02', '2019-07-25 04:59:02'),
(131, 5, 2, 15, 1, 1, 35, '2019-07-25 04:59:10', '2019-07-25 04:59:10'),
(132, 6, 2, 15, 1, 1, 2, '2019-07-25 04:59:13', '2019-07-25 04:59:13'),
(133, 7, 2, 15, 1, 1, 5, '2019-07-25 04:59:19', '2019-07-25 04:59:19'),
(134, 8, 2, 15, 1, 1, 17, '2019-07-25 04:59:22', '2019-07-25 04:59:22'),
(135, 9, 2, 15, 1, 1, 21, '2019-07-25 04:59:29', '2019-07-25 04:59:29'),
(136, 10, 2, 15, 1, 0, 2, '2019-07-25 04:59:34', '2019-07-25 04:59:34'),
(137, 11, 2, 15, 1, 0, 6, '2019-07-25 04:59:38', '2019-07-25 04:59:38'),
(138, 12, 2, 15, 1, 1, NULL, '2019-07-25 04:59:44', '2019-07-25 04:59:44'),
(139, 13, 2, 15, 1, 1, NULL, '2019-07-25 04:59:46', '2019-07-25 04:59:46'),
(140, 14, 2, 15, 1, 1, NULL, '2019-07-25 04:59:48', '2019-07-25 04:59:48'),
(141, 1, 2, 16, 1, 0, 12, '2019-07-25 05:46:55', '2019-07-25 05:46:55'),
(142, 2, 2, 16, 1, 1, 3, '2019-07-25 05:48:13', '2019-07-25 05:48:13'),
(143, 3, 2, 16, 1, 1, 5, '2019-07-25 05:48:19', '2019-07-25 05:48:19'),
(144, 4, 2, 16, 1, 1, 70, '2019-07-25 05:48:23', '2019-07-25 05:48:23'),
(145, 5, 2, 16, 1, 1, 35, '2019-07-25 05:48:28', '2019-07-25 05:48:28'),
(146, 6, 2, 16, 1, 1, 2, '2019-07-25 05:48:33', '2019-07-25 05:48:33'),
(147, 7, 2, 16, 1, 1, 5, '2019-07-25 05:48:37', '2019-07-25 05:48:37'),
(148, 8, 2, 16, 1, 1, 17, '2019-07-25 05:48:41', '2019-07-25 05:48:41'),
(149, 9, 2, 16, 1, 1, 21, '2019-07-25 05:48:48', '2019-07-25 05:48:48'),
(150, 10, 2, 16, 1, 1, NULL, '2019-07-25 05:48:53', '2019-07-25 05:48:53'),
(151, 11, 2, 16, 1, 1, NULL, '2019-07-25 05:48:55', '2019-07-25 05:48:55'),
(152, 12, 2, 16, 1, 1, NULL, '2019-07-25 05:48:56', '2019-07-25 05:48:56'),
(153, 13, 2, 16, 1, 1, NULL, '2019-07-25 05:48:58', '2019-07-25 05:48:58'),
(154, 14, 2, 16, 1, 1, NULL, '2019-07-25 05:48:59', '2019-07-25 05:48:59'),
(155, 1, 1, 18, 1, 0, 12, '2019-07-29 21:31:33', '2019-07-29 21:31:33'),
(156, 2, 1, 18, 0, 0, NULL, '2019-07-29 21:31:44', '2019-07-29 21:31:44'),
(157, 1, 3, 20, 1, 0, 12, '2019-07-31 04:57:39', '2019-07-31 04:57:39'),
(158, 2, 3, 20, 1, 1, 3, '2019-07-31 04:58:23', '2019-07-31 04:58:23'),
(159, 3, 3, 20, 1, 1, 5, '2019-07-31 04:58:39', '2019-07-31 04:58:39'),
(160, 4, 3, 20, 1, 1, 70, '2019-07-31 04:58:57', '2019-07-31 04:58:57'),
(161, 5, 3, 20, 1, 1, 35, '2019-07-31 04:59:05', '2019-07-31 04:59:05'),
(162, 6, 3, 20, 1, 1, 2, '2019-07-31 04:59:09', '2019-07-31 04:59:09'),
(163, 7, 3, 20, 1, 1, 5, '2019-07-31 04:59:14', '2019-07-31 04:59:14'),
(164, 8, 3, 20, 1, 1, 17, '2019-07-31 04:59:21', '2019-07-31 04:59:21'),
(165, 9, 3, 20, 1, 1, 21, '2019-07-31 04:59:27', '2019-07-31 04:59:27'),
(166, 10, 3, 20, 1, 1, NULL, '2019-07-31 04:59:31', '2019-07-31 04:59:31'),
(167, 11, 3, 20, 1, 1, NULL, '2019-07-31 04:59:34', '2019-07-31 04:59:34'),
(168, 12, 3, 20, 1, 1, NULL, '2019-07-31 04:59:38', '2019-07-31 04:59:38'),
(169, 13, 3, 20, 1, 1, NULL, '2019-07-31 04:59:39', '2019-07-31 04:59:39'),
(170, 14, 3, 20, 1, 1, NULL, '2019-07-31 04:59:41', '2019-07-31 04:59:41'),
(171, 1, 4, 22, 1, 0, 12, '2019-07-31 05:23:07', '2019-07-31 05:23:07'),
(172, 2, 4, 22, 1, 1, 3, '2019-07-31 05:23:12', '2019-07-31 05:23:12'),
(173, 3, 4, 22, 1, 1, 5, '2019-07-31 05:23:18', '2019-07-31 05:23:18'),
(174, 4, 4, 22, 1, 1, 70, '2019-07-31 05:23:24', '2019-07-31 05:23:24'),
(175, 5, 4, 22, 1, 1, 35, '2019-07-31 05:23:29', '2019-07-31 05:23:29'),
(176, 6, 4, 22, 1, 1, 2, '2019-07-31 05:23:33', '2019-07-31 05:23:33'),
(177, 7, 4, 22, 1, 1, 5, '2019-07-31 05:23:37', '2019-07-31 05:23:37'),
(178, 8, 4, 22, 1, 1, 17, '2019-07-31 05:23:48', '2019-07-31 05:23:48'),
(179, 9, 4, 22, 1, 1, 21, '2019-07-31 05:23:54', '2019-07-31 05:23:54'),
(180, 10, 4, 22, 1, 1, NULL, '2019-07-31 05:24:00', '2019-07-31 05:24:00'),
(181, 11, 4, 22, 1, 1, NULL, '2019-07-31 05:24:01', '2019-07-31 05:24:01'),
(182, 12, 4, 22, 1, 1, NULL, '2019-07-31 05:24:05', '2019-07-31 05:24:05'),
(183, 13, 4, 22, 1, 1, NULL, '2019-07-31 05:24:06', '2019-07-31 05:24:06'),
(184, 14, 4, 22, 1, 1, NULL, '2019-07-31 05:24:08', '2019-07-31 05:24:08'),
(185, 1, 2, 24, 1, 1, NULL, '2019-07-31 17:25:33', '2019-07-31 17:25:33'),
(186, 2, 2, 24, 0, 0, NULL, '2019-07-31 17:25:34', '2019-07-31 17:25:34'),
(187, 3, 2, 24, 0, 0, NULL, '2019-07-31 17:25:35', '2019-07-31 17:25:35'),
(188, 4, 2, 24, 0, 0, NULL, '2019-07-31 17:25:37', '2019-07-31 17:25:37'),
(189, 5, 2, 24, 0, 0, NULL, '2019-07-31 17:25:38', '2019-07-31 17:25:38'),
(190, 6, 2, 24, 0, 0, NULL, '2019-07-31 17:25:40', '2019-07-31 17:25:40'),
(191, 7, 2, 24, 0, 0, NULL, '2019-07-31 17:25:54', '2019-07-31 17:25:54'),
(192, 8, 2, 24, 0, 0, NULL, '2019-07-31 17:26:00', '2019-07-31 17:26:00'),
(193, 9, 2, 24, 0, 0, NULL, '2019-07-31 17:26:06', '2019-07-31 17:26:06'),
(194, 10, 2, 24, 1, 1, NULL, '2019-07-31 17:26:10', '2019-07-31 17:26:10'),
(195, 11, 2, 24, 1, 1, NULL, '2019-07-31 17:26:15', '2019-07-31 17:26:15'),
(196, 12, 2, 24, 1, 1, NULL, '2019-07-31 17:26:18', '2019-07-31 17:26:18');

-- --------------------------------------------------------

--
-- Table structure for table `migrations`
--

DROP TABLE IF EXISTS `migrations`;
CREATE TABLE IF NOT EXISTS `migrations` (
  `id` int(10) UNSIGNED NOT NULL AUTO_INCREMENT,
  `migration` varchar(255) COLLATE utf8mb4_unicode_ci NOT NULL,
  `batch` int(11) NOT NULL,
  PRIMARY KEY (`id`)
) ENGINE=InnoDB AUTO_INCREMENT=15 DEFAULT CHARSET=utf8mb4 COLLATE=utf8mb4_unicode_ci;

--
-- Dumping data for table `migrations`
--

INSERT INTO `migrations` (`id`, `migration`, `batch`) VALUES
(11, '2014_10_12_000000_create_users_table', 1),
(12, '2014_10_12_100000_create_password_resets_table', 1),
(13, '2019_07_21_194434_create_tests_table', 1),
(14, '2019_07_21_194551_create_answers_table', 1);

-- --------------------------------------------------------

--
-- Table structure for table `password_resets`
--

DROP TABLE IF EXISTS `password_resets`;
CREATE TABLE IF NOT EXISTS `password_resets` (
  `email` varchar(255) COLLATE utf8mb4_unicode_ci NOT NULL,
  `token` varchar(255) COLLATE utf8mb4_unicode_ci NOT NULL,
  `created_at` timestamp NULL DEFAULT NULL,
  KEY `password_resets_email_index` (`email`)
) ENGINE=InnoDB DEFAULT CHARSET=utf8mb4 COLLATE=utf8mb4_unicode_ci;

--
-- Dumping data for table `password_resets`
--

INSERT INTO `password_resets` (`email`, `token`, `created_at`) VALUES
('manan@gmail.com', '$2y$10$miNOB9X8lRdlqGzxErQN2uj0i.048NiFUOvSdLXjyxXHbknisDml2', '2019-07-25 01:29:22');

-- --------------------------------------------------------

--
-- Table structure for table `tests`
--

DROP TABLE IF EXISTS `tests`;
CREATE TABLE IF NOT EXISTS `tests` (
  `id` bigint(20) UNSIGNED NOT NULL AUTO_INCREMENT,
  `user_id` bigint(20) NOT NULL,
  `created_at` timestamp NULL DEFAULT NULL,
  `updated_at` timestamp NULL DEFAULT NULL,
  PRIMARY KEY (`id`)
) ENGINE=InnoDB AUTO_INCREMENT=25 DEFAULT CHARSET=utf8mb4 COLLATE=utf8mb4_unicode_ci;

--
-- Dumping data for table `tests`
--

INSERT INTO `tests` (`id`, `user_id`, `created_at`, `updated_at`) VALUES
(1, 1, '2019-07-24 22:55:31', '2019-07-24 22:55:31'),
(2, 1, '2019-07-24 23:08:45', '2019-07-24 23:08:45'),
(3, 1, '2019-07-24 23:53:53', '2019-07-24 23:53:53'),
(4, 1, '2019-07-25 00:32:58', '2019-07-25 00:32:58'),
(5, 1, '2019-07-25 00:36:10', '2019-07-25 00:36:10'),
(6, 1, '2019-07-25 00:36:15', '2019-07-25 00:36:15'),
(7, 1, '2019-07-25 00:36:36', '2019-07-25 00:36:36'),
(8, 1, '2019-07-25 01:00:18', '2019-07-25 01:00:18'),
(9, 1, '2019-07-25 01:02:49', '2019-07-25 01:02:49'),
(10, 1, '2019-07-25 01:10:16', '2019-07-25 01:10:16'),
(11, 1, '2019-07-25 01:27:48', '2019-07-25 01:27:48'),
(12, 2, '2019-07-25 04:05:02', '2019-07-25 04:05:02'),
(13, 2, '2019-07-25 04:54:55', '2019-07-25 04:54:55'),
(14, 2, '2019-07-25 04:56:43', '2019-07-25 04:56:43'),
(15, 2, '2019-07-25 04:58:43', '2019-07-25 04:58:43'),
(16, 2, '2019-07-25 05:46:49', '2019-07-25 05:46:49'),
(17, 2, '2019-07-25 06:01:46', '2019-07-25 06:01:46'),
(18, 1, '2019-07-29 21:31:25', '2019-07-29 21:31:25'),
(19, 2, '2019-07-29 21:33:33', '2019-07-29 21:33:33'),
(20, 3, '2019-07-31 04:57:23', '2019-07-31 04:57:23'),
(21, 3, '2019-07-31 05:04:34', '2019-07-31 05:04:34'),
(22, 4, '2019-07-31 05:23:02', '2019-07-31 05:23:02'),
(23, 4, '2019-07-31 05:25:08', '2019-07-31 05:25:08'),
(24, 2, '2019-07-31 17:25:25', '2019-07-31 17:25:25');

-- --------------------------------------------------------

--
-- Table structure for table `users`
--

DROP TABLE IF EXISTS `users`;
CREATE TABLE IF NOT EXISTS `users` (
  `id` bigint(20) UNSIGNED NOT NULL AUTO_INCREMENT,
  `name` varchar(255) COLLATE utf8mb4_unicode_ci NOT NULL,
  `email` varchar(255) COLLATE utf8mb4_unicode_ci NOT NULL,
  `email_verified_at` timestamp NULL DEFAULT NULL,
  `password` varchar(255) COLLATE utf8mb4_unicode_ci NOT NULL,
  `remember_token` varchar(100) COLLATE utf8mb4_unicode_ci DEFAULT NULL,
  `created_at` timestamp NULL DEFAULT NULL,
  `updated_at` timestamp NULL DEFAULT NULL,
  PRIMARY KEY (`id`),
  UNIQUE KEY `users_email_unique` (`email`)
) ENGINE=InnoDB AUTO_INCREMENT=5 DEFAULT CHARSET=utf8mb4 COLLATE=utf8mb4_unicode_ci;

--
-- Dumping data for table `users`
--

INSERT INTO `users` (`id`, `name`, `email`, `email_verified_at`, `password`, `remember_token`, `created_at`, `updated_at`) VALUES
(1, 'manan', 'manan@gmail.com', NULL, '$2y$10$5It3sBPgH.RXQDiX5LMVZuZsp1sKcRKatkJrkp2wXcBH0.el8.atW', NULL, '2019-07-24 22:55:29', '2019-07-24 22:55:29'),
(2, 'Manish', 'manishdatt90@gmail.com', NULL, '$2y$10$NXUEGYlZeHc3A.gN4Dtbcexlm.htD/aZi.9T4QeAfyJ9d.l2JbEnS', NULL, '2019-07-25 03:47:33', '2019-07-25 03:47:33'),
(3, 'sheetal', 'sheetal@gmail.com', NULL, '$2y$10$dwy6S5mIADxepxw/9/2lTuOathuIG4ujVQNMJegYoOZScvoJb/jlC', NULL, '2019-07-31 04:57:11', '2019-07-31 04:57:11'),
(4, 'manpreet', 'manpreet@gmail.com', NULL, '$2y$10$UtU2a9jGJXaPs1eezWs5V.7zL8psJzPWOwDtbYv1fbvK4gq/MXsNa', NULL, '2019-07-31 05:22:55', '2019-07-31 05:22:55');
COMMIT;

/*!40101 SET CHARACTER_SET_CLIENT=@OLD_CHARACTER_SET_CLIENT */;
/*!40101 SET CHARACTER_SET_RESULTS=@OLD_CHARACTER_SET_RESULTS */;
/*!40101 SET COLLATION_CONNECTION=@OLD_COLLATION_CONNECTION */;
